id;name;code;phone;birthday;address
1;that;ew etch for;0259 6279 6948;2024-03-04;awkwardly
2;pertinent;unit utterly besides;020 8294 4726;2024-03-04;under snap pace
3;genuine shrilly;less model;020 3240 3743;2024-03-04;psst inasmuch
4;famously painfully aggression;plus;025 7922 8592;2024-03-04;unless anarchist
5;inquisitively;eggnog via or;0231 2428 1490;2024-03-04;onto
6;yowza;defiant;027 0356 4219;2024-03-05;jittery drat
7;safely;unfortunate deliberately pantology;028 2057 8085;2024-03-04;late landscape
8;ah yuck;TV consummate quote;0280 7662 0191;2024-03-04;bleakly
9;woot starter disengagement;dimpled;023 4710 2327;2024-03-04;amid
10;whose;generally why;0252 7258 7273;2024-03-04;nutritious
